Marc Dorcel - 19 Years_ Young Escort Girl XXX NEW Released 2015 WEB-DL Split Scenes, magnet:?xt=urn:btih:E28F077CF6EAEBF56F3BF937B06335DB23597E9E&dn=marc+dorcel+19+years+young+escort+girl+xxx+new+released+2015+web+dl+split+scenes&tr=udp%3A%2F%2F9.rarbg.com%3A2710%2Fannounce&tr=udp%3A%2F%2Fglotorrents.pw%3A6969%2Fannounce, http://torcache.net/torrent/E28F077CF6EAEBF56F3BF937B06335DB23597E9E.torrent?title=[kat.cr]marc.dorcel.19.years.young.escort.girl.xxx.new.released.2015.web.dl.split.scenes, 916.82 MB, Seeders: 2127, Leechers: 1241, Updated at: 04 Jan 2016, 08:14, Uploaded at: 30 Dec 2015, 00:14,
Moms In Control 3 (Brazzers) XXX NEW Released 2015 WEB-DL Split Scenes, magnet:?xt=urn:btih:E46A00A763A13C9CD4A6F756DE338784B4BEE4A9&dn=moms+in+control+3+brazzers+xxx+new+released+2015+web+dl+split+scenes&tr=udp%3A%2F%2F9.rarbg.com%3A2710%2Fannounce&tr=udp%3A%2F%2Fglotorrents.pw%3A6969%2Fannounce, http://torcache.net/torrent/E46A00A763A13C9CD4A6F756DE338784B4BEE4A9.torrent?title=[kat.cr]moms.in.control.3.brazzers.xxx.new.released.2015.web.dl.split.scenes, 1.64 GB, Seeders: 1435, Leechers: 977, Updated at: 04 Jan 2016, 08:14, Uploaded at: 28 Dec 2015, 05:19,
Real Wife Stories - Destiny Dixon { Her Turn To Cheat - 01.01.2016 - Brazzers } NEW January 01 2016, magnet:?xt=urn:btih:A8E2CC09713D1A460BF1712961AA3263415A3DDC&dn=real+wife+stories+destiny+dixon+her+turn+to+cheat+01+01+2016+brazzers+new+january+01+2016&tr=udp%3A%2F%2Ftracker.publicbt.com%3A80%2Fannounce&tr=udp%3A%2F%2Fglotorrents.pw%3A6969%2Fannounce, http://torcache.net/torrent/A8E2CC09713D1A460BF1712961AA3263415A3DDC.torrent?title=[kat.cr]real.wife.stories.destiny.dixon.her.turn.to.cheat.01.01.2016.brazzers.new.january.01.2016, 299.68 MB, Seeders: 1442, Leechers: 575, Updated at: 04 Jan 2016, 08:14, Uploaded at: 01 Jan 2016, 05:04,
Star Wars XXX A Porn Parody XXX DVDRip XviD-Jiggly, magnet:?xt=urn:btih:F0571778AE6EF96DE3A73D5FF95B806CA860C87E&dn=star+wars+xxx+a+porn+parody+xxx+dvdrip+xvid+jiggly&tr=udp%3A%2F%2Ftracker.publicbt.com%3A80%2Fannounce&tr=udp%3A%2F%2Fglotorrents.pw%3A6969%2Fannounce, http://torcache.net/torrent/F0571778AE6EF96DE3A73D5FF95B806CA860C87E.torrent?title=[kat.cr]star.wars.xxx.a.porn.parody.xxx.dvdrip.xvid.jiggly, 1.37 GB, Seeders: 1560, Leechers: 759, Updated at: 04 Jan 2016, 08:29, Uploaded at: 16 Dec 2015, 18:14,
[MILFsLikeItBig / Brazzers] Alexis Fawx (That Touch of MILF) SD **NEW JAN 3_2016**, magnet:?xt=urn:btih:495056996D92EF550643BA7A6BDFD4CB0B915855&dn=milfslikeitbig+brazzers+alexis+fawx+that+touch+of+milf+sd+new+jan+3+2016&tr=udp%3A%2F%2F9.rarbg.com%3A2710%2Fannounce&tr=udp%3A%2F%2Fglotorrents.pw%3A6969%2Fannounce, http://torcache.net/torrent/495056996D92EF550643BA7A6BDFD4CB0B915855.torrent?title=[kat.cr]milfslikeitbig.brazzers.alexis.fawx.that.touch.of.milf.sd.new.jan.3.2016, 321.2 MB, Seeders: 1354, Leechers: 772, Updated at: 04 Jan 2016, 09:45, Uploaded at: 03 Jan 2016, 05:03,
[BigButtsLikeItBig / Brazzers] Juelz Ventura (Buttfuck The Bride) SD **NEW DEC 30_2015**, magnet:?xt=urn:btih:4C390B8FD11DEB6539200E88757DA8E597D635E1&dn=bigbuttslikeitbig+brazzers+juelz+ventura+buttfuck+the+bride+sd+new+dec+30+2015&tr=udp%3A%2F%2Ftracker.publicbt.com%3A80%2Fannounce&tr=udp%3A%2F%2Fglotorrents.pw%3A6969%2Fannounce, http://torcache.net/torrent/4C390B8FD11DEB6539200E88757DA8E597D635E1.torrent?title=[kat.cr]bigbuttslikeitbig.brazzers.juelz.ventura.buttfuck.the.bride.sd.new.dec.30.2015, 396.41 MB, Seeders: 1073, Leechers: 289, Updated at: 04 Jan 2016, 08:59, Uploaded at: 30 Dec 2015, 05:02,
My Submissive Secretary (NEW 2016 Marc Dorcel) [Split Scenes] WEB-DL PRE-RELEASE, magnet:?xt=urn:btih:636F55149348F4B72B01744EE12EC4F86EC1632B&dn=my+submissive+secretary+new+2016+marc+dorcel+split+scenes+web+dl+pre+release&tr=udp%3A%2F%2Ftracker.publicbt.com%3A80%2Fannounce&tr=udp%3A%2F%2Fglotorrents.pw%3A6969%2Fannounce, http://torcache.net/torrent/636F55149348F4B72B01744EE12EC4F86EC1632B.torrent?title=[kat.cr]my.submissive.secretary.new.2016.marc.dorcel.split.scenes.web.dl.pre.release, 1.39 GB, Seeders: 1041, Leechers: 538, Updated at: 04 Jan 2016, 08:44, Uploaded at: 30 Dec 2015, 07:48,
[BigTitsAtWork / Brazzers] Tasha Holz (Working Hard) SD **NEW JAN 2_2016**, magnet:?xt=urn:btih:C34F4E55F2A482A534EF6DF368E5F3A6E7EED7C6&dn=bigtitsatwork+brazzers+tasha+holz+working+hard+sd+new+jan+2+2016&tr=udp%3A%2F%2Ftracker.publicbt.com%3A80%2Fannounce&tr=udp%3A%2F%2Fglotorrents.pw%3A6969%2Fannounce, http://torcache.net/torrent/C34F4E55F2A482A534EF6DF368E5F3A6E7EED7C6.torrent?title=[kat.cr]bigtitsatwork.brazzers.tasha.holz.working.hard.sd.new.jan.2.2016, 271.52 MB, Seeders: 902, Leechers: 355, Updated at: 04 Jan 2016, 09:44, Uploaded at: 02 Jan 2016, 05:04,
MomsBangTeens TOP 10 Most Viewed Videos of 2015 XXX PACK, magnet:?xt=urn:btih:AA342B406517649D141B1BEEE12E82EE390871FE&dn=momsbangteens+top+10+most+viewed+videos+of+2015+xxx+pack&tr=udp%3A%2F%2Ftracker.publicbt.com%3A80%2Fannounce&tr=udp%3A%2F%2Fglotorrents.pw%3A6969%2Fannounce, http://torcache.net/torrent/AA342B406517649D141B1BEEE12E82EE390871FE.torrent?title=[kat.cr]momsbangteens.top.10.most.viewed.videos.of.2015.xxx.pack, 3.97 GB, Seeders: 722, Leechers: 810, Updated at: 04 Jan 2016, 09:14, Uploaded at: 29 Dec 2015, 19:28,
[RealWifeStories / Brazzers] Nicole Aniston _ Peta Jensen (Our Holiday Three Way) SD **NEW DEC..., magnet:?xt=urn:btih:4C532B76A9F8A9330E9EED6F05BAEA23151FF6F2&dn=realwifestories+brazzers+nicole+aniston+peta+jensen+our+holiday+three+way+sd+new+dec+24+2015&tr=udp%3A%2F%2F9.rarbg.com%3A2710%2Fannounce&tr=udp%3A%2F%2Fglotorrents.pw%3A6969%2Fannounce, http://torcache.net/torrent/4C532B76A9F8A9330E9EED6F05BAEA23151FF6F2.torrent?title=[kat.cr]realwifestories.brazzers.nicole.aniston.peta.jensen.our.holiday.three.way.sd.new.dec.24.2015, 331.19 MB, Seeders: 974, Leechers: 148, Updated at: 04 Jan 2016, 09:45, Uploaded at: 24 Dec 2015, 05:02,
Doctor Adventures - Veronica Avluv { Stroke It For Me - 01.02.2016 - Brazzers } NEW January 02 2016, magnet:?xt=urn:btih:526981AEB59C2F1F98160F907C59A8F1B34C6E72&dn=doctor+adventures+veronica+avluv+stroke+it+for+me+01+02+2016+brazzers+new+january+02+2016&tr=udp%3A%2F%2Ftracker.publicbt.com%3A80%2Fannounce&tr=udp%3A%2F%2Fglotorrents.pw%3A6969%2Fannounce, http://torcache.net/torrent/526981AEB59C2F1F98160F907C59A8F1B34C6E72.torrent?title=[kat.cr]doctor.adventures.veronica.avluv.stroke.it.for.me.01.02.2016.brazzers.new.january.02.2016, 323.79 MB, Seeders: 873, Leechers: 375, Updated at: 04 Jan 2016, 09:45, Uploaded at: 02 Jan 2016, 05:06,
[MILFsLikeItBig / Brazzers] Jasmine James (The Cougar Countdown) SD **NEW DEC 31_2015**, magnet:?xt=urn:btih:0E1E3B937A4A6233B837EFFE5C22CF8264646485&dn=milfslikeitbig+brazzers+jasmine+james+the+cougar+countdown+sd+new+dec+31+2015&tr=udp%3A%2F%2Ftracker.publicbt.com%3A80%2Fannounce&tr=udp%3A%2F%2Fglotorrents.pw%3A6969%2Fannounce, http://torcache.net/torrent/0E1E3B937A4A6233B837EFFE5C22CF8264646485.torrent?title=[kat.cr]milfslikeitbig.brazzers.jasmine.james.the.cougar.countdown.sd.new.dec.31.2015, 278.45 MB, Seeders: 877, Leechers: 215, Updated at: 04 Jan 2016, 08:59, Uploaded at: 31 Dec 2015, 05:02,
Pornstars Like It Big - Phoenix Marie { Phoenix Marie's Ass Gets Danny D'd - 12.28.2015 -..., magnet:?xt=urn:btih:D5B9DFE3718D154C8040CC3A5DDD19984A3C237E&dn=pornstars+like+it+big+phoenix+marie+phoenix+marie+s+ass+gets+danny+d+d+12+28+2015+brazzers+new+december+28+2015&tr=udp%3A%2F%2Fglotorrents.pw%3A6969%2Fannounce, http://torcache.net/torrent/D5B9DFE3718D154C8040CC3A5DDD19984A3C237E.torrent?title=[kat.cr]pornstars.like.it.big.phoenix.marie.phoenix.marie.s.ass.gets.danny.d.d.12.28.2015.brazzers.new.december.28.2015, 373.95 MB, Seeders: 873, Leechers: 195, Updated at: 04 Jan 2016, 09:30, Uploaded at: 28 Dec 2015, 05:05,
List of Most Brilliant Porn Parodies of All Time / 34 Movies / NEW 2015 XXX, magnet:?xt=urn:btih:22101E46347D799294EE888E4D125AD52002C31A&dn=list+of+most+brilliant+porn+parodies+of+all+time+34+movies+new+2015+xxx&tr=udp%3A%2F%2Fglotorrents.pw%3A6969%2Fannounce, http://torcache.net/torrent/22101E46347D799294EE888E4D125AD52002C31A.torrent?title=[kat.cr]list.of.most.brilliant.porn.parodies.of.all.time.34.movies.new.2015.xxx, 42.92 GB, Seeders: 217, Leechers: 1510, Updated at: 04 Jan 2016, 09:29, Uploaded at: 17 Dec 2015, 02:00,
18 ONLY GIRLS - Ada - Asian Teen INTENSE ANAL SEX 1080p *NEW*, magnet:?xt=urn:btih:4B1C69F87A6BBD49E2A31989938A7F5122AA5559&dn=18+only+girls+ada+asian+teen+intense+anal+sex+1080p+new&tr=udp%3A%2F%2Ftracker.istole.it%3A80%2Fannounce&tr=udp%3A%2F%2Fglotorrents.pw%3A6969%2Fannounce, http://torcache.net/torrent/4B1C69F87A6BBD49E2A31989938A7F5122AA5559.torrent?title=[kat.cr]18.only.girls.ada.asian.teen.intense.anal.sex.1080p.new, 742.15 MB, Seeders: 726, Leechers: 105, Updated at: 04 Jan 2016, 09:29, Uploaded at: 17 Oct 2014, 18:03,
Teens Like It Big - Gwen Stark { My Stepsister's New Outfit - 12.30.2015 - Brazzers } NEW..., magnet:?xt=urn:btih:D1401C672E627C388FF34F164DD1BCF09C1B367C&dn=teens+like+it+big+gwen+stark+my+stepsister+s+new+outfit+12+30+2015+brazzers+new+december+30+2015&tr=udp%3A%2F%2Ftracker.publicbt.com%3A80%2Fannounce&tr=udp%3A%2F%2Fglotorrents.pw%3A6969%2Fannounce, http://torcache.net/torrent/D1401C672E627C388FF34F164DD1BCF09C1B367C.torrent?title=[kat.cr]teens.like.it.big.gwen.stark.my.stepsister.s.new.outfit.12.30.2015.brazzers.new.december.30.2015, 258.79 MB, Seeders: 843, Leechers: 219, Updated at: 04 Jan 2016, 08:59, Uploaded at: 30 Dec 2015, 05:07,
Pure18 XXX Pack ** NEW 17 HOT Videos 2015 **, magnet:?xt=urn:btih:ADE639FD1820805B4FC56929320EE9F8E49BEA27&dn=pure18+xxx+pack+new+17+hot+videos+2015&tr=udp%3A%2F%2Ftracker.publicbt.com%3A80%2Fannounce&tr=udp%3A%2F%2Fglotorrents.pw%3A6969%2Fannounce, http://torcache.net/torrent/ADE639FD1820805B4FC56929320EE9F8E49BEA27.torrent?title=[kat.cr]pure18.xxx.pack.new.17.hot.videos.2015, 6.22 GB, Seeders: 662, Leechers: 499, Updated at: 04 Jan 2016, 11:45, Uploaded at: 09 Nov 2015, 18:36,
Avengers VS X-Men XXX: Parody (Vivid) WEB-DL Split Scenes (NEW 2015) [.mp4], magnet:?xt=urn:btih:75D9A88EA953686FB8E1F6C6ADAF058A01478AAB&dn=avengers+vs+x+men+xxx+parody+vivid+web+dl+split+scenes+new+2015+mp4&tr=udp%3A%2F%2Ftracker.publicbt.com%3A80%2Fannounce&tr=udp%3A%2F%2Fglotorrents.pw%3A6969%2Fannounce, http://torcache.net/torrent/75D9A88EA953686FB8E1F6C6ADAF058A01478AAB.torrent?title=[kat.cr]avengers.vs.x.men.xxx.parody.vivid.web.dl.split.scenes.new.2015.mp4, 1.26 GB, Seeders: 688, Leechers: 253, Updated at: 04 Jan 2016, 08:59, Uploaded at: 15 Dec 2015, 14:12,
Big Ass Curves Volume Seven - Team Skeet (2015) - ALL 5 SPLIT SCENES - New2016 torrentPRE- RELEASE, magnet:?xt=urn:btih:9DA282150B058CDC7BC93CC7947D90521224C347&dn=big+ass+curves+volume+seven+team+skeet+2015+all+5+split+scenes+new2016+torrentpre+release&tr=udp%3A%2F%2Ftracker.publicbt.com%3A80%2Fannounce&tr=udp%3A%2F%2Fglotorrents.pw%3A6969%2Fannounce, http://torcache.net/torrent/9DA282150B058CDC7BC93CC7947D90521224C347.torrent?title=[kat.cr]big.ass.curves.volume.seven.team.skeet.2015.all.5.split.scenes.new2016.torrentpre.release, 2.53 GB, Seeders: 480, Leechers: 485, Updated at: 04 Jan 2016, 09:14, Uploaded at: 31 Dec 2015, 20:36,
Moms In Control - Cathy Heaven_ Mea Melone { An Open Minded Marriage - 12.23.2015 - Brazzers }..., magnet:?xt=urn:btih:5A2C245925AD01CE1FDE7763355BC4885AF7E8E2&dn=moms+in+control+cathy+heaven+mea+melone+an+open+minded+marriage+12+23+2015+brazzers+new+december+23+2015&tr=udp%3A%2F%2Fglotorrents.pw%3A6969%2Fannounce, http://torcache.net/torrent/5A2C245925AD01CE1FDE7763355BC4885AF7E8E2.torrent?title=[kat.cr]moms.in.control.cathy.heaven.mea.melone.an.open.minded.marriage.12.23.2015.brazzers.new.december.23.2015, 359.84 MB, Seeders: 691, Leechers: 166, Updated at: 04 Jan 2016, 10:44, Uploaded at: 23 Dec 2015, 05:05,
Blacked - Elsa Jean_ Rachel James_ Sydney Cole (Preppy Girl Threesome Get Three BBCs) NEW 01..., magnet:?xt=urn:btih:17AD564A381266C179AE210ECD032CDEFA5F16FC&dn=blacked+elsa+jean+rachel+james+sydney+cole+preppy+girl+threesome+get+three+bbcs+new+01+january+2016&tr=udp%3A%2F%2Ftracker.publicbt.com%3A80%2Fannounce&tr=udp%3A%2F%2Fglotorrents.pw%3A6969%2Fannounce, http://torcache.net/torrent/17AD564A381266C179AE210ECD032CDEFA5F16FC.torrent?title=[kat.cr]blacked.elsa.jean.rachel.james.sydney.cole.preppy.girl.threesome.get.three.bbcs.new.01.january.2016, 313.65 MB, Seeders: 661, Leechers: 199, Updated at: 04 Jan 2016, 09:44, Uploaded at: 01 Jan 2016, 19:25,
Taboo Heat Studio XXX MegaPack 2015 WEB-DL, magnet:?xt=urn:btih:8961E9FB387B6F4A5FE2A6E2B958D6DBB07BC5C7&dn=taboo+heat+studio+xxx+megapack+2015+web+dl&tr=udp%3A%2F%2Fglotorrents.pw%3A6969%2Fannounce, http://torcache.net/torrent/8961E9FB387B6F4A5FE2A6E2B958D6DBB07BC5C7.torrent?title=[kat.cr]taboo.heat.studio.xxx.megapack.2015.web.dl, 18 GB, Seeders: 480, Leechers: 999, Updated at: 04 Jan 2016, 11:30, Uploaded at: 04 Dec 2015, 23:49,
JAV UNCENSORED - Caribbeancom 010116-060 : Nozomi Aso, magnet:?xt=urn:btih:A7EF1059931BFD8C2B24E9B5D152F941E212D0C1&dn=jav+uncensored+caribbeancom+010116+060+nozomi+aso&tr=udp%3A%2F%2Ftracker.publicbt.com%3A80%2Fannounce&tr=udp%3A%2F%2Fglotorrents.pw%3A6969%2Fannounce, http://torcache.net/torrent/A7EF1059931BFD8C2B24E9B5D152F941E212D0C1.torrent?title=[kat.cr]jav.uncensored.caribbeancom.010116.060.nozomi.aso, 775.91 MB, Seeders: 273, Leechers: 625, Updated at: 04 Jan 2016, 09:44, Uploaded at: 01 Jan 2016, 04:34,
SNIS-581 It Fucked The Legs Race Queen Resistance Inability Of Pillow Sales Hell Saotome Bibi, magnet:?xt=urn:btih:BCF3CDC87781FA3A18E3924C868023D3A38DA0CD&dn=snis+581+it+fucked+the+legs+race+queen+resistance+inability+of+pillow+sales+hell+saotome+bibi&tr=udp%3A%2F%2Ftracker.openbittorrent.com%3A80%2Fannounce&tr=udp%3A%2F%2Fglotorrents.pw%3A6969%2Fannounce, http://torcache.net/torrent/BCF3CDC87781FA3A18E3924C868023D3A38DA0CD.torrent?title=[kat.cr]snis.581.it.fucked.the.legs.race.queen.resistance.inability.of.pillow.sales.hell.saotome.bibi, 1.38 GB, Seeders: 464, Leechers: 667, Updated at: 04 Jan 2016, 12:00, Uploaded at: 30 Dec 2015, 23:44,
Taimanin Yukikaze - 02 [Raw] (December 2015), magnet:?xt=urn:btih:F40691C8E0272D9AD9C9FCC733E655532E5A46DA&dn=taimanin+yukikaze+02+raw+december+2015&tr=udp%3A%2F%2Ftracker.openbittorrent.com%3A80%2Fannounce&tr=udp%3A%2F%2Fglotorrents.pw%3A6969%2Fannounce, http://torcache.net/torrent/F40691C8E0272D9AD9C9FCC733E655532E5A46DA.torrent?title=[kat.cr]taimanin.yukikaze.02.raw.december.2015, 265.62 MB, Seeders: 672, Leechers: 49, Updated at: 04 Jan 2016, 11:00, Uploaded at: 26 Dec 2015, 01:33,
